{
  "mean_ece": 0.03454495697903137,
  "eff_ece": 0.012482821941375732
}